{"cameraMode":{"drawMode":0,"name":"Shaded","section":"Shading Mode"},"sceneLighting":true,"audioPlay":false,"sceneViewState":{"showFog":true,"showMaterialUpdate":true,"showSkybox":true,"showFlares":true,"showImageEffects":true,"showParticleSystems":true},"in2DMode":false,"pivot":{"x":-1.6243298053741456,"y":1.2644391059875489,"z":2.946770429611206},"rotation":{"x":-0.07180070877075196,"y":0.25790607929229739,"z":-0.019226130098104478,"w":-0.9633153676986694},"size":5.381332874298096,"orthographic":false}