{"cameraMode":{"drawMode":0,"name":"Shaded","section":"Shading Mode"},"sceneLighting":true,"audioPlay":false,"sceneViewState":{"showFog":true,"showMaterialUpdate":true,"showSkybox":true,"showFlares":true,"showImageEffects":true,"showParticleSystems":true},"in2DMode":false,"pivot":{"x":0.39664608240127566,"y":1.406011939048767,"z":0.22750595211982728},"rotation":{"x":-0.009540965780615807,"y":0.2667119801044464,"z":-0.0026426815893501045,"w":-0.9637331962585449},"size":1.0474073886871338,"orthographic":false}