{"cameraMode":{"drawMode":0,"name":"Shaded","section":"Shading Mode"},"sceneLighting":false,"audioPlay":false,"sceneViewState":{"showFog":true,"showMaterialUpdate":true,"showSkybox":false,"showFlares":true,"showImageEffects":true,"showParticleSystems":true},"in2DMode":false,"pivot":{"x":-0.036867015063762668,"y":1.7266261577606202,"z":-0.713058352470398},"rotation":{"x":-0.10441669076681137,"y":0.6252244710922241,"z":-0.08492188155651093,"w":-0.7687526941299439},"size":0.47320830821990969,"orthographic":false}