{"cameraMode":{"drawMode":0,"name":"Shaded","section":"Shading Mode"},"sceneLighting":true,"audioPlay":false,"sceneViewState":{"showFog":true,"showMaterialUpdate":false,"showSkybox":true,"showFlares":true,"showImageEffects":true,"showParticleSystems":true},"in2DMode":false,"pivot":{"x":0.208473801612854,"y":2.2748615741729738,"z":-4.0982794761657719},"rotation":{"x":0.00019020229228772223,"y":0.9998117089271545,"z":-0.013807780109345913,"w":0.013799138367176056},"size":3.930511713027954,"orthographic":false}