{"cameraMode":{"drawMode":0,"name":"Shaded","section":"Shading Mode"},"sceneLighting":true,"audioPlay":false,"sceneViewState":{"showFog":true,"showMaterialUpdate":false,"showSkybox":true,"showFlares":true,"showImageEffects":true,"showParticleSystems":true},"in2DMode":false,"pivot":{"x":3.293912649154663,"y":4.0235466957092289,"z":0.3269777297973633},"rotation":{"x":-0.009298865683376789,"y":0.04707910865545273,"z":-0.00044487573904916644,"w":-0.9988641142845154},"size":4.132053852081299,"orthographic":false}