{"cameraMode":{"drawMode":0,"name":"Shaded","section":"Shading Mode"},"sceneLighting":false,"audioPlay":false,"sceneViewState":{"showFog":true,"showMaterialUpdate":false,"showSkybox":false,"showFlares":true,"showImageEffects":true,"showParticleSystems":true},"in2DMode":false,"pivot":{"x":9.45458984375,"y":2.509185791015625,"z":-3.3471336364746095},"rotation":{"x":0.04057785123586655,"y":0.6584271788597107,"z":-0.035589754581451419,"w":0.7507143616676331},"size":1.2983708381652833,"orthographic":true}