{"cameraMode":{"drawMode":0,"name":"Shaded","section":"Shading Mode"},"sceneLighting":true,"audioPlay":false,"sceneViewState":{"showFog":true,"showMaterialUpdate":false,"showSkybox":true,"showFlares":true,"showImageEffects":true,"showParticleSystems":true},"in2DMode":false,"pivot":{"x":3.0460000038146974,"y":7.0269999504089359,"z":-2.9200000762939455},"rotation":{"x":0.08015396445989609,"y":0.2944784164428711,"z":-0.024794602766633035,"w":0.9519689083099365},"size":7.387157917022705,"orthographic":false}